{"name": "radar_colorlevels.", "N": 10, "bounds": [0.0, 0.1, 0.5, 1.0, 2.5, 5.0, 10.0, 25.0, 50.0, 100.0, 200.0], "colors": [[1.0, 1.0, 1.0, 0.0], [1.0, 0.6392156863, 0.2039215686, 1.0], [0.4549019608, 1.0, 0.3058823529, 1.0], [0.0, 0.8039215686, 0.2392156863, 1.0], [0.0, 1.0, 0.9960784313, 1.0], [0.5215686275, 0.8117647059, 0.9098039216, 1.0], [0.1176470588, 0.0862745098, 0.9647058824, 1.0], [0.9450980392, 0.5058823529, 0.9098039216, 1.0], [0.8274509804, 0.0901960784, 0.5490196078, 1.0], [0.6, 0.6, 0.6, 1.0]]}