{"name": "temperature_colorlevels.", "N": 37, "bounds": [-32, -30, -28, -26, -24, -22, -20, -18, -16, -14, -12, -10, -8, -6, -4, -2, 0, 2, 4, 6, 8, 10, 12, 14, 16, 18, 20, 22, 24, 26, 28, 30, 32, 34, 36, 38, 40, 42], "colors": [[0.2980392156862745, 0.2980392156862745, 0.2980392156862745], [0.4, 0.4, 0.4], [0.5019607843137255, 0.5019607843137255, 0.5019607843137255], [0.6, 0.6, 0.6], [0.7019607843137254, 0.7019607843137254, 0.7019607843137254], [0.8, 0.8, 0.8], [0.34901960784313724, 0.0, 0.6], [0.5019607843137255, 0.0, 0.9019607843137255], [0.6, 0.2, 1.0], [0.7490196078431373, 0.4, 1.0], [0.8509803921568627, 0.6, 1.0], [0.0, 0.0, 0.7490196078431373], [0.0, 0.0, 1.0], [0.2, 0.4, 1.0], [0.4, 0.7019607843137254, 1.0], [0.6, 0.9019607843137255, 1.0], [0.0, 0.5490196078431373, 0.18823529411764706], [0.14901960784313725, 0.7490196078431373, 0.09803921568627451], [0.5019607843137255, 0.8509803921568627, 0.0], [0.6509803921568628, 0.9529411764705882, 0.0], [0.8, 1.0, 0.2], [0.6509803921568628, 0.6509803921568628, 0.0], [0.8, 0.8, 0.0], [0.9215686274509803, 0.9215686274509803, 0.0], [1.0, 1.0, 0.0], [1.0, 1.0, 0.6], [0.8509803921568627, 0.45098039215686275, 0.0], [1.0, 0.5019607843137255, 0.0], [1.0, 0.6196078431372549, 0.0], [1.0, 0.7411764705882353, 0.0], [1.0, 0.8509803921568627, 0.0], [0.6, 0.0, 0.0], [0.8, 0.0, 0.0], [1.0, 0.0, 0.0], [1.0, 0.4, 0.4], [1.0, 0.6, 0.6], [1.0, 0.7490196078431373, 0.7490196078431373]]}