{"name": "wind_colorlevels.", "N": 12, "bounds": [0, 20, 25, 30, 35, 40, 45, 50, 55, 60, 65, 70, 300], "colors": [[1.0, 1.0, 1.0], [0.6784313725490196, 0.8470588235294118, 0.9019607843137255], [0.6901960784313725, 0.7686274509803922, 0.8705882352941177], [0.39215686274509803, 0.5843137254901961, 0.9294117647058824], [0.2549019607843137, 0.4117647058823529, 0.8823529411764706], [0.6039215686274509, 0.803921568627451, 0.19607843137254902], [0.19607843137254902, 0.803921568627451, 0.19607843137254902], [1.0, 1.0, 0.0], [1.0, 0.6470588235294118, 0.0], [1.0, 0.0, 0.0], [0.6470588235294118, 0.16470588235294117, 0.16470588235294117], [0.0, 0.0, 0.0]]}